{"cameraMode":{"drawMode":0,"name":"Shaded","section":"Shading Mode"},"sceneLighting":false,"audioPlay":false,"sceneViewState":{"showFog":true,"showMaterialUpdate":false,"showSkybox":false,"showFlares":true,"showImageEffects":true,"showParticleSystems":true},"in2DMode":false,"pivot":{"x":9.311310768127442,"y":-4.511746406555176,"z":-0.6476686000823975},"rotation":{"x":0.13601510226726533,"y":0.7224836349487305,"z":-0.14856477081775666,"w":0.6614137887954712},"size":22.992225646972658,"orthographic":false}